id,store_id,sku,productName,price,dates
1,2,6d115a8864a70774b97675037fdaac18,Outdoors,176,2022-10-12
2,8,925dc61fa7fdf8a72acd572188cee5ee,Clothing,253,2023-01-21
3,6,01ae35cf358f494ff4d96719d6132f41,Baby,430,2023-02-27
4,8,8aebeb7d101a04504d90af7d6a642776,Baby,463,2022-04-23
5,8,2edbdb144ea7de358d79735d0f143c7b,Baby,301,2023-02-08
6,10,0cfc489c599210a5512cd45179eb3c7f,Electronics,290,2022-10-10
7,2,b98fa1be8793fb78d7fd787db9843410,Automotive,424,2023-02-28
8,1,784965acbedb67a2748f9d68d49b4b72,Clothing,136,2022-06-04
9,9,550a46eff392393195d98d41f0b5228f,Baby,432,2022-04-28
10,8,505c3ef021c650ed81e3925448776c55,Shoes,259,2022-04-11
11,2,498479d8a0e6a59c0365ad36a7d38cb1,Toys,170,2022-12-27
12,7,17a0bd5bdcda8fa60c73a66235472706,Tools,397,2023-03-05
13,3,eb908c2ac052a395b12d8fe5f4e1e146,Games,381,2023-01-07
14,6,80030e1f32e55b1a677d04a287d392f6,Home,201,2022-08-06
15,10,6a15242f24ce7366fff4d6f9a85fcfc5,Kids,256,2022-12-02
16,8,6e28a186442634f1754d620459b65e00,Outdoors,142,2022-12-17
17,9,d244826ccfe51060383a29caa67d64e0,Games,270,2023-01-18
18,2,82e31aa5d1d997ae7c0b77b840eda255,Music,116,2022-06-28
19,1,3fcd96bf45d298ba098a638417e77225,Movies,269,2022-07-19
20,8,58c65fb96b6fffcd08892f1c2283a29f,Jewelry,235,2022-12-20
21,1,0a1e9b1ae846d3d90585ca6b22c9a635,Computers,462,2022-03-22
22,1,74b7413e6b4b69e0c64dd2c49b36518d,Clothing,252,2023-02-26
23,6,5d124f76ed83554118cd676df7365e98,Toys,366,2023-02-01
24,6,b7a606c6d03c6681c878236b10fb73a3,Beauty,478,2022-10-26
25,4,7e3b0be90472fb8d45e229fee8d7cdeb,Games,141,2023-03-08
26,7,7086fc3d34982b7f9c2c7844d8806069,Games,266,2023-01-10
27,6,51ba8765367e660aa4de6ba98aa04144,Tools,291,2022-11-07
28,1,6475af3695f4b90fd66f4a33d1b8a2da,Automotive,396,2022-05-02
29,8,d41195d3651c5c4fde036e394f5e14a3,Industrial,139,2022-04-09
30,7,b73886da271125cbaf0f8b3ae63e62e2,Sports,481,2022-09-11
31,2,ba9b67d2c8bfcbbffe340ba01e8f25e3,Music,144,2022-11-30
32,1,757bb3bec166426a1aec8584763a3c1e,Kids,188,2022-11-13
33,6,069edc336b7f93bae17f9b4f7e7159c0,Computers,197,2022-05-14
34,6,6f0ee1abf37827950da4e5c6f4036364,Jewelry,291,2022-06-23
35,10,e19718f5ec6c88603800506da205ef4e,Automotive,140,2022-07-05
36,9,1d7f1fe0c4eb6e83e87eeaf895d8c7f9,Tools,112,2022-03-22
37,9,d9d4f77a4b5f140670a18e34e0c50393,Automotive,384,2022-11-26
38,4,612695248391116e949db80fc85aaa56,Electronics,323,2022-05-11
39,5,72521f7bb38f60674f27155511c42694,Electronics,321,2022-06-06
40,9,c129fe76b9874d57a7dddae0ef2d8273,Movies,496,2023-03-22
41,7,ee3b1f41e23841f66f7ffcc99f3d9a6e,Grocery,124,2022-10-23
42,3,de259d538a8259ca50f294b1b561234d,Beauty,154,2022-03-16
43,8,1f3edcbfff83bb80a52b006c0784b628,Home,191,2022-07-12
44,6,3100e2f897cd1566aaf2c484e4259983,Electronics,129,2022-08-28
45,8,99f44d12fcc5fb6d27fca4b0ea3c1dc8,Electronics,127,2022-09-26
46,10,b1c037bab3d964328006c8b438ed0b1d,Grocery,142,2022-06-01
47,3,40d585ccc20054234242ad7efa33cdd6,Baby,422,2022-06-01
48,8,47a60d335348dbcf5c52d5ea9c2274b7,Baby,492,2022-11-05
49,10,119461fe19252ea5b9565da47d1908c0,Automotive,428,2022-11-23
50,8,b3b7f7c77d5fdd9f2c7e3bd7079420e6,Kids,455,2022-09-02
51,7,e1a84a9d19c8a59db0427882a3f4844e,Music,196,2023-01-28
52,7,db086d57367f9183ab92c1de2396e1ed,Industrial,249,2022-08-30
53,4,d2b379ecfa541713ca05357ba0365f86,Home,129,2022-05-18
54,7,184ea91bd38c2bfd00dfbf004f648503,Garden,403,2022-07-16
55,10,c64042b26cb626e1c2cde40bfdb8e52d,Sports,159,2023-02-16
56,4,dc4665073f9c902e146aea4ce6f6da2e,Home,103,2022-08-20
57,2,280c9b02d7d1b0b19ed4b2b61915457c,Clothing,206,2023-02-07
58,3,ba1737a6719b6b040f65571b03f17a59,Movies,446,2022-11-01
59,4,ec8cec0c7e0809482b4452f9aab97ea9,Shoes,152,2022-09-13
60,9,45275c9f7284762b4332174dd4fad2b5,Electronics,340,2022-12-05
61,6,71af0266516add18767e5dfb7243a11e,Music,403,2022-05-18
62,5,85bf28b4d615c2cc07b19b82d2b3f1fc,Toys,228,2022-08-11
63,2,c5e8d825a4a20dd1bd75ba034d869409,Industrial,113,2023-03-06
64,5,df5480603810f693dd4e8699c43bdbb5,Grocery,201,2022-11-27
65,2,699f08f5195d07e831dab863612e3105,Sports,130,2022-05-30
66,2,ae38047345d79e1c7c7e765e8220feac,Music,464,2022-05-02
67,2,c0880a521ab2a2999e6e26820640a526,Music,145,2022-04-22
68,3,6e432f982ef8db81e1939d0f1f2d5489,Industrial,120,2022-08-31
69,10,b4d37a1698e9805a1a8946bb0a35b9e4,Music,267,2022-10-10
70,5,d232534f8b8f4d81bca821b56784892b,Garden,412,2022-04-21
71,6,2bd02b8d7c656ea73efbcaa496fcb984,Kids,336,2022-07-27
72,8,1b86b3cec15b886403795028d1cf4a8c,Tools,228,2023-03-04
73,2,6957922e492872738ce21f1bfbd00740,Baby,221,2022-10-10
74,5,4413217f57a39e5d2af48c5eeb942c6b,Music,254,2022-04-29
75,7,7e78cae94722952d1a22475c03f5f8b3,Books,290,2022-12-27
76,3,1080c653fe592fc4e22973c76cf5de81,Health,224,2022-04-06
77,9,9a9573ff68550155230879e14e445950,Electronics,202,2022-08-21
78,2,48a376666bc04bc72cd38cb03c123ffc,Kids,396,2022-07-03
79,9,1dbe9f313cb3ed8a0661222dcb9a67a1,Beauty,194,2023-01-20
80,3,539b08ad74ada0f12fbca110e6ea8d37,Sports,386,2022-11-26
81,5,70a29fa6532789958105b15517fd87c9,Industrial,209,2022-10-02
82,4,72f31db4aca09fc8e89b6f1756b55f88,Grocery,192,2023-02-07
83,5,1bde392e1028d112253651bd70ca9fdd,Music,372,2022-04-05
84,10,144c624795481cf1d475134d6ef198ca,Shoes,444,2023-03-11
85,3,be83cd24503a845a02bb10bb29febf8f,Clothing,338,2022-06-14
86,4,9064d073bbd57b1226d1230615c168dd,Automotive,150,2023-01-16
87,8,6820b46d7e697930b4439a8c7c1ac2b8,Games,300,2023-02-22
88,8,9241bba3f6f61ab7130628e0464e5d37,Beauty,154,2022-03-25
89,5,82633bab0b58a2a8375ea4cdf5fa1bfa,Baby,286,2022-10-09
90,4,436b986a23e8a6e019e34205e067e2b0,Music,244,2022-03-16
91,4,96bac063e2185f1ea7ee110e0afffe82,Shoes,497,2022-07-29
92,4,e51337d76e7478ff101e552b098a6bcb,Kids,181,2023-02-18
93,5,f4b5dc07e1bca96510dcfb58e82de588,Tools,250,2022-06-29
94,8,3f7b6fff0a4bb2e43bc590d572101d0c,Health,200,2023-01-10
95,2,1682f900890a61fd00efbb8b432ceba0,Tools,364,2023-02-13
96,4,f66bef5919b5d94ff064dfc2451a8f85,Electronics,213,2022-07-31
97,5,6095c5187a79126174da9b3801634416,Games,369,2022-12-29
98,5,0893c885bd00fd450edc51fddeb197d7,Movies,345,2022-12-19
99,10,245a172c3d35478b4d0afdb3ad165ba5,Automotive,200,2022-12-31
100,5,df2ae887bea692de9de9d1975c4dbc04,Outdoors,139,2022-10-21
101,10,7a4b4e54f998d3a228886f92c06b9a8b,Tools,179,2023-01-08
102,6,59a5b7425dc450bf52b5fe2356621040,Movies,111,2022-04-23
103,7,ed652602b456e36c34b18c3c1c04d459,Tools,467,2022-07-26
104,1,2b9e2051b94e1983150efa77c72c1b00,Toys,136,2023-02-04
105,2,a34b6e825da7528d902a82f9cf294af5,Toys,385,2022-05-29
106,7,19931944f23d5d5fc38897eb21afecec,Health,475,2022-12-18
107,4,e867948eb55d31f536b28d2f3e480caf,Toys,290,2022-07-20
108,7,7da5a78915d04cce33bff847e51aa4f1,Jewelry,420,2022-11-29
109,4,45ccee3acfc752237a864405607d86a8,Home,405,2022-03-28
110,1,7ea18b4dce6969f633a105256f1eecc0,Jewelry,256,2022-05-27
111,1,9309611e3cc9c49b705d5e75ca7de65c,Health,285,2023-03-11
112,8,d6ede9540c006fc99d530c0b015bf059,Music,410,2022-08-08
113,1,ddf4e5300452c117c4b2c747ae005d23,Shoes,293,2023-03-12
114,2,b712c6a16e0a15e698e23983f8c69b4a,Music,254,2022-10-18
115,9,2cd5e2f5bbf672def5aea6533afb0b46,Toys,343,2022-10-06
116,3,660120a8535553b59e018325dd42446c,Jewelry,425,2022-08-02
117,9,8231b25d57154a424bd7f7954f459ff8,Outdoors,417,2022-03-26
118,6,264c74fe3e42d9de0881c573f70f085a,Tools,368,2023-03-24
119,7,afdd5bdb1509edb82a549f7e4dd158c7,Garden,184,2022-03-19
120,6,d6b5343fcb12bc47f1f81a27b1196e30,Baby,103,2022-07-25
121,4,75e164464dd6a281da2e0eeb9426ade0,Books,116,2022-07-26
122,10,291c94d99e3671c1ddfa830f25a97504,Music,227,2022-06-03
123,4,b33c10e1db248d557e3722d503a91165,Grocery,241,2022-07-28
124,4,259997cd44b3a537428c454491d8b77a,Sports,445,2022-09-15
125,4,75b4bbcf43d6dafcddff4a7ce600a3df,Games,284,2022-06-04
126,5,7c82b60ff90942c7fbc156b5430fcddc,Toys,299,2022-09-07
127,2,e4bcab9d4ebc1cba304bb1c176dac470,Computers,474,2022-08-12
128,7,fa1e978ec042d3931fad29c9ca94738f,Outdoors,326,2022-07-07
129,5,bc3a676c21c17d8c91eb5b7663d37f9d,Health,225,2022-10-21
130,1,374174015d56584468fa18deff579d83,Computers,162,2022-05-05
131,6,38452d2aa2bb6b256e4e15073e749c11,Movies,352,2022-08-08
132,5,b7932a55b54d361164f22797744714aa,Automotive,472,2022-09-06
133,1,55b61404d9f00e89a7485663e49b6a5f,Grocery,261,2022-10-15
134,6,2ca016fcd8a491a4ea347f82321e4b3e,Automotive,323,2022-11-12
135,4,0b861fd247e8d30c7397bb85742a9a44,Games,246,2023-01-17
136,5,5e5474f61e31319c08ca8e4754212ab7,Games,204,2023-03-21
137,8,167693c6483826ebebd1541de6e5098c,Health,126,2022-10-25
138,2,493e798d0d7dec191a699d1722535a33,Clothing,405,2022-11-10
139,3,dfbb2a7a7145df91b97dacd9f6564f0c,Books,266,2023-03-05
140,3,582fa194d135b3fe7eca5a4ddfa52a4e,Tools,369,2022-11-26
141,6,63c440752f7c1e059376743f19c8d05a,Sports,366,2022-04-09
142,10,f9338f4c256f49067413c74feaed6048,Games,361,2022-06-04
143,7,0a39189dccbc5c2ba751fe725cfae699,Games,469,2022-12-18
144,9,9a802be0ed283ca81b796c1ff6af7c09,Industrial,130,2023-01-21
145,4,58c547ae24c012b2c2f19eb02eb97f2c,Outdoors,247,2022-10-11
146,9,4bb4b302c3aed2dbb1d0d914638d94f9,Kids,301,2022-09-28
147,5,c29820342817151590738316ee4b8326,Books,112,2022-03-30
148,1,281b582edfd8a94b55b66892733edf55,Health,104,2022-06-03
149,5,b84c60b81657f49efbcdcfa388612304,Tools,391,2022-09-20
150,8,a0b993efe08eceeffe434891a36732f4,Outdoors,401,2022-04-18
151,5,65570b18e6f83ee35dd7a239f568a66a,Clothing,115,2023-02-10
152,10,b9cec31fb872da5ad5319d5093f10715,Beauty,429,2022-04-21
153,9,425a1c3f672e6364f0702dabd4133f37,Music,492,2022-11-05
154,10,0c17bc9404199eb80cf42e298ccf071f,Sports,203,2022-11-10
155,10,ea222feb9a4468c4651c33e3195cc835,Music,104,2022-10-15
156,4,1c30f20be9c40c90eb0391e2d920f7a7,Tools,322,2023-03-02
157,5,ac3f9b8be9deb769b2f87676e2bdc1fc,Toys,462,2022-09-22
158,1,c255386084818907f932a5a4062ae821,Movies,283,2022-03-20
159,4,7ea9eed2f0d54065650142e9b2bca62f,Baby,218,2023-02-14
160,3,708b4ddaf395e223cfbf42953a4ffbb3,Automotive,104,2022-05-18
161,4,757e83a827cb77c435a49107dd1e2380,Movies,257,2023-02-19
162,8,fb9fd968b2b271b2189209062a3d4a9b,Computers,338,2022-10-16
163,4,2621dd6395433f7ffb2e90ff1d94789d,Garden,277,2022-11-15
164,5,795d43c661591de8d0eb04d52fd44aa7,Grocery,274,2022-06-07
165,1,fcdd615708cecae0b56e444ee2db5a7f,Shoes,228,2022-07-31
166,7,cffa7c93dbd584aa2bd8cdbdfcaac5fe,Outdoors,134,2022-04-10
167,6,a967b239d7c47409f5d77087d402ac43,Movies,465,2023-03-27
168,4,5c94e352b6bcade839ca0e865ebb938a,Garden,171,2022-04-16
169,9,5ec9006a37bd7a614b241c5ea2823a53,Home,160,2023-03-30
170,5,e65c322e17762c46892363cd443985a6,Home,379,2022-07-22
171,6,72bf1c176064992d8de53e32a55bbb04,Clothing,337,2022-10-25
172,2,b25ca5f341d34f126a82fce59a9ae853,Home,136,2022-11-12
173,10,c24a55d0d9c3dc8ac10f8b805d299e6d,Automotive,298,2023-02-12
174,8,dc571811c547ee10c500085ec2b02c5c,Movies,407,2022-06-07
175,8,6e40803253c004687418f511160f8655,Books,321,2022-12-09
176,7,624540c18ff3ce60626a26f34fbe41f4,Jewelry,491,2022-12-18
177,1,30cc082a239aa295d31c89f601d3bcad,Kids,107,2022-05-30
178,1,eea611d39952569cc2e7c62b47bcac40,Tools,352,2022-06-29
179,9,14950869044e31e697df45b03126f691,Garden,231,2022-10-04
180,2,462cd1930cc3bdde3d9ed22b428f6076,Shoes,143,2022-09-27
181,8,bfc7c316e5c461a5bdfc0b4292ee5d88,Jewelry,195,2022-11-19
182,9,9dd9c059604d90c93e30f53f49b6242c,Automotive,122,2022-11-02
183,5,cbdbd8ea4f0b0b08abe3be1c19ecacb5,Automotive,312,2023-03-19
184,6,213b07d96b9ff9ee39c39a881bc94c2b,Health,136,2022-10-19
185,3,98ac95b1f27b75b24a7f5a2bdc155430,Clothing,193,2022-07-19
186,4,2eee1480941ca2a88180eb9bee0580b1,Garden,473,2022-07-25
187,10,66cef261014448c033f85ca4cc422790,Shoes,478,2022-11-17
188,6,ef74a91679c49b021457f0160455dd90,Books,423,2022-06-21
189,10,1199b683baca915cbc39c6ee686b0f12,Tools,471,2023-01-27
190,8,214c12e23264272faa19046718cb6da5,Garden,224,2022-07-22
191,1,35523131e29ea6a8f8ccb0f1c733bbfe,Books,302,2022-08-16
192,5,d0c2989e5672abf288182f516c12fac2,Electronics,459,2022-04-28
193,10,09c8abbd50c3b2051000e5e4182293c2,Computers,429,2023-01-21
194,9,825bf36024a8787290a01b0224367780,Movies,113,2022-03-22
195,3,a8f16dc71386ee764a1631f348631b6b,Health,127,2022-08-12
196,4,e576d2c6cefc8d64c56c3f14e413f575,Clothing,471,2022-04-30
197,5,765aaaf17b12704531c2556e2777270a,Health,213,2023-02-27
198,8,81dad7caa3fdb1f68f7986febd9d93d2,Kids,421,2023-03-30
199,9,24d28afa7f5507ac9a8704e250810612,Books,421,2023-03-29
200,9,5db839da137af3a57f579f1c69775f54,Health,370,2022-12-25
201,7,2bb26cd4c27242a14c4aabe88288067b,Music,118,2023-01-07
202,1,d6f429c1a8553ddc4a5bebb4539b42f2,Clothing,472,2022-07-14
203,10,2f5dd1f260396bb46c40ffffbfc18093,Baby,234,2022-10-23
204,2,5aa0589972d74e26ab3d381100f6f658,Garden,279,2023-01-31
205,3,04ccb9c8b09e15c0b8c91322e4a0c1b2,Movies,217,2022-11-20
206,8,66429b963e003f813714fc287c6863e0,Baby,195,2022-09-01
207,9,c07492eeb31a39d4e405e40ea7ade836,Automotive,407,2023-01-06
208,9,e6d5751716541abe9ac33a25f33afe18,Computers,110,2022-07-15
209,3,ed5b8de3a583809dc65b018429fad884,Health,127,2022-06-05
210,6,06775116e99a6351273e50493247a9cb,Electronics,468,2022-06-18
211,5,a0a3eccf94d79dfb27b545fa4ec1c7e4,Health,215,2022-06-07
212,10,4bb7abb24fdaf67d6b65c82f0cdb1f78,Games,439,2022-10-08
213,3,0a08fc04ce3e2808d56635acec40894e,Music,237,2022-12-16
214,3,d8203e4b20e4251f5b52f844d67d3301,Baby,457,2023-03-20
215,2,a5e7a32d5a72c80a12f2a88e795ef3cc,Toys,301,2022-09-25
216,4,8a0e7f5e0923fa4f9a6f269d3c492362,Shoes,352,2022-11-26
217,3,d953044d0160352c524666589e39cc98,Jewelry,237,2022-05-16
218,3,e1a4e54465d41088e3dbc4b39368e014,Outdoors,344,2023-01-15
219,10,4e5b8bb5e982a1f99ea0e86475448009,Computers,309,2022-10-07
220,4,7737120968d6e637be5e8c1e3b12fd10,Garden,361,2022-08-19
221,10,519a3fdbbcda85a3964d79f2f0564bf9,Toys,238,2022-11-21
222,7,7879bfe10f11f838fbce7ebc877619e9,Tools,314,2022-12-14
223,3,48b53efde175f3cbfcd6777ed4f314fb,Jewelry,488,2023-02-16
224,1,0383e8db63b368a3109fc1cdea3e8789,Home,305,2022-07-28
225,4,0f6fe434bc1ac70cc0b7feade865663f,Shoes,468,2023-03-10
226,4,3268fd12535f3af40e9c4daab1104a6e,Automotive,353,2022-05-19
227,6,b90b754e9aa895110bef2e7d46e81507,Outdoors,478,2022-03-15
228,2,a798be79812525c95ebaf8baff796081,Shoes,124,2022-11-24
229,4,63babe2d11e0de6c65835efff34ef8f0,Shoes,398,2023-03-10
230,3,f7458829324bf26113074789d869a042,Garden,378,2022-11-29
231,9,2bf4fc933125b4f03b9694f90eeba694,Industrial,192,2022-10-22
232,5,1abce836ad0810a68910314b57b7ba18,Movies,245,2023-02-17
233,1,e657194a1ee72d756c6a57fce4c794c3,Beauty,339,2022-06-15
234,3,387569d248b103c586bafde6792b001a,Health,275,2022-09-12
235,1,a5b0e5d623aa9af74e1265043c6a01c2,Electronics,491,2022-08-03
236,3,c3b7543c91b734837772c6f41bbb6fe9,Electronics,329,2022-04-06
237,6,a61ce03f8b2685499c326c80670bb767,Industrial,301,2022-07-05
238,1,9148591bab1413b2d955f4657813333d,Shoes,126,2022-03-22
239,1,62e1be70676610cbe88beca3464c38da,Tools,464,2022-08-15
240,10,57414c792d241cfa9d07449d0a6dc78e,Toys,469,2022-04-30
241,10,84a56da2395579fb9576ccc611fc235e,Beauty,271,2022-12-22
242,5,fe749ebe2dd4bb732890a75edcb5679f,Computers,407,2022-05-03
243,10,48f73afa6e43737c3706cba8c2521048,Music,134,2023-01-07
244,9,161d1c6c370a0948f3265d655d0695ae,Music,269,2022-04-24
245,9,51e97ecfdd7bf8156d726a36a3f9dd57,Garden,391,2023-01-11
246,9,7f874c69dd530f2a0fb267620e185c87,Computers,366,2022-11-08
247,8,e323742705ba79a59f6ed0a95402ccb5,Garden,480,2022-10-08
248,8,66f6a18341ba6c73b23137c718c77a38,Music,298,2022-03-27
249,5,4d5da9e8ab11e17165d86d5d424ee751,Games,404,2022-08-23
250,1,2d53cbec81b2430dd58b5e05d072d57b,Electronics,302,2022-10-26
251,9,f922898884e8dd58d125564d29e4b21e,Industrial,446,2023-02-12
252,10,b7a3d4087654e62b1cec6985b789ba54,Electronics,243,2023-03-10
253,10,36b477558498c95941ce658bf09ebe57,Beauty,425,2022-06-01
254,8,76c91a6bb778164b1b11e1625c9e327e,Kids,376,2022-06-05
255,9,ee35d936a2a9aa12e4aea01d9c4a7c43,Kids,175,2023-01-12
256,5,051c5f2d9ed90302390cd1b2dc7ef42d,Shoes,116,2022-06-26
257,9,b8e249df7d190f96c192a05b32d6cb57,Shoes,291,2022-06-26
258,8,056428a01e107284969781b8f59c3ba1,Jewelry,499,2022-04-07
259,7,375ce9772eacfa7300a3b8bf0fef14f5,Sports,489,2022-08-12
260,10,a5f3fee4997f98dbe285fb71011a6b85,Games,171,2022-12-06
261,3,b1588c5bb9e1f3c4198c61a8049562fd,Computers,294,2022-10-11
262,4,2df61c547ec9386ce114284101a071b9,Movies,218,2022-12-06
263,9,b9789f8a49760fb0213ed30e9af0be9e,Health,291,2022-12-25
264,7,2fbf1e2927a7ce8de88a90424e8e60ab,Electronics,251,2023-03-14
265,1,5d8743ad579b969441353a61378084c4,Baby,312,2022-11-24
266,5,f02e8b737889f9fe99e5d53fd75f5221,Shoes,373,2023-03-25
267,1,f1a8bf37df6696d0c64e09ab47973e47,Music,159,2022-04-23
268,10,29093a16f9ca52abc9a3e73eb75a56fa,Shoes,417,2022-10-07
269,6,486f9cec2be382af128660e2d244c621,Shoes,378,2022-04-15
270,9,c007bf95e0f8f295feff72067dd39f0c,Outdoors,191,2022-05-08
271,1,a9edaab8f8a910bf6228a1d3ef29f8b0,Outdoors,433,2022-07-02
272,4,5a2bf03e7522578e2b845549bf0732fd,Health,105,2022-09-20
273,3,9b7bb96481adc3254ad2304cfddf112a,Movies,267,2022-05-30
274,1,4c6881689103159644c182c6bf97bb6a,Movies,500,2023-03-06
275,9,cfb830dd8fe3013c3b601341e0399bfe,Outdoors,125,2022-11-14
276,6,3f06668358e6d84e3d1b9c22df87f9d4,Books,474,2022-12-19
277,4,9e98a12325a477cb9a0815eca58892bf,Sports,177,2022-07-25
278,4,1319c66bf29a1db4b28263306ac720d9,Toys,367,2023-03-17
279,2,e495a3b80af8046b82dc9771eec2eef4,Computers,401,2023-02-19
280,2,6dfbe5276ddde59032d01e588eb68a7c,Kids,217,2022-10-29
281,10,6930aef769a3914bf2e486452954df6e,Grocery,302,2022-07-22
282,4,13aa62a74298b4f86c73564cbd2b3865,Industrial,121,2022-05-06
283,2,34991554e22bac9c8775788d57270812,Electronics,420,2022-10-02
284,7,04050e70ae9865fc97c5e51673803e4c,Clothing,109,2022-08-12
285,9,bb4424966a28f46c006136f90948b58d,Tools,138,2022-09-16
286,1,09ab6f44b780cac50d3789b3fae97437,Sports,279,2022-06-15
287,7,9cd3e153ed3c2c4491f23831901b9796,Clothing,167,2023-02-16
288,6,5d8656d2fd144637761111588d9da44b,Grocery,289,2022-12-11
289,2,eb5bbaa9420ba50b9d1e048e245ca070,Games,203,2022-10-07
290,5,0c60fc4cfe4a6f5161f35da7ab4dea35,Sports,460,2022-04-30
291,7,a4a97ef7d7396626a0e282ee7b2c2ac8,Home,101,2022-11-23
292,5,691c5d0ae60e6d4d24509be3cb6e4a81,Shoes,180,2022-11-18
293,8,ebd1272a0e4bd7bafbc4d8a6dfe94a29,Electronics,239,2022-08-04
294,5,4c00f027af574ab1ba9461e47578cd0a,Automotive,406,2022-11-20
295,8,0292ce3394e8edf10c4f982aa7f6e112,Garden,187,2023-03-22
296,8,a3e6fd1a86cdcfa4230f933d38e4846f,Home,374,2022-08-08
297,3,b0a7041eacaa638efc2aad0dc25171d7,Health,476,2022-04-30
298,4,0ff7a4f3a93a1311b9137ce3351429e3,Computers,280,2023-03-22
299,5,64260977cd3f4e8d41529d21ecb1e599,Toys,106,2022-08-11
300,5,8a776fabac68b3bc03c872772565068b,Industrial,346,2022-08-25
301,8,9f4efd973778206e2733cde59ec986b0,Beauty,492,2022-03-17
302,2,4b277d150d072c7fe486ad94cae4d7f5,Jewelry,250,2023-03-07
303,3,11451821e612e7ec23bc68f983cc0d00,Garden,165,2022-11-30
304,6,f27ea4949f64b5f3dbb522cc223e7fd8,Industrial,392,2022-05-25
305,8,3f21f026a76354570403a8ce42d06f9a,Home,364,2023-02-11
306,10,a9c71745c39de1a1ea90d453a98b8856,Toys,383,2022-10-27
307,2,7e88ae57d004ee5003bc826a8b820bc2,Books,104,2022-05-29
308,7,8fed5b24b734ce8058941a157a92f9c2,Health,218,2022-07-04
309,3,bde1babdf6c445f49dff60906de1934f,Health,300,2022-08-17
310,3,a5c341bcc43111a0938210c04713c07f,Grocery,277,2022-09-20
311,7,4713bb837092d0848e8f1e24401d7ab7,Computers,282,2023-01-15
312,1,6a02f9ff682e33b782f0410864a8a92f,Baby,388,2022-04-20
313,1,a2cf8d16e42fd2f84c313180bcad4cd0,Computers,170,2022-12-23
314,1,07a9456978a22d04a786c009d932e890,Sports,270,2022-10-26
315,6,3408b6ed7443e959934a9853fa7cc54e,Automotive,392,2023-02-03
316,10,96e2a577742708deb83f7660851d5d95,Automotive,116,2023-03-13
317,6,7c991f45758aafa9cfd9946488179225,Movies,288,2022-09-23
318,8,6570ad1b1facae17993da69aadd91d0d,Baby,386,2022-12-03
319,1,6a93c2b7e35021db7b0c955ade8ff10e,Industrial,115,2023-03-15
320,4,28e95c077431d49964dcdf2dc39dbcb5,Grocery,135,2023-02-06
321,9,00ce1948a5bdd5d7569cf639553de709,Music,110,2022-08-15
322,9,f095484730b41fe646e8763cd941bfba,Sports,419,2022-04-13
323,5,1041a55d5a292fe932cf6c0d7a46e7cc,Books,341,2022-11-05
324,5,cdb45a72bd2684edb79f4a821380c653,Sports,303,2022-05-14
325,2,c8ea445b83bde33d02a5988f4e5d7f2d,Automotive,261,2023-03-09
326,8,ac8e08e8827a01de731c0cdc524bcfbd,Books,300,2022-09-17
327,5,55cb30905b410c7d178a0576388d8f0d,Jewelry,266,2023-03-03
328,10,ee45a4f0fa8feed2305af3db27c09aca,Health,429,2022-07-21
329,2,1bf7a32253acd8eb9dc5fd3f08591d28,Games,214,2022-10-17
330,3,c2d3f60615989e7b531a01527fc85596,Electronics,150,2023-01-02
331,8,86ca4a26d4cfd0a0929d08fc6e843c3e,Music,294,2022-07-22
332,4,c8c2b0b7c64cffa669deeb3168466862,Home,492,2022-10-15
333,10,abd1a2af46fb3c568b2440bd6b10af33,Automotive,319,2022-08-01
334,6,e056ef3afb6c86d204cb0af62a29dedb,Toys,312,2022-08-11
335,6,4b5f22afa382e1a16fafd029a3c4ea3e,Music,324,2022-07-24
336,6,6cbda97fdc458a9871be5446beff84be,Kids,319,2022-10-11
337,1,e4b611235ba4f22af8e357323a28fdd5,Jewelry,376,2022-12-20
338,5,6fa7cb3e410f856ef38e1ccaea6c0b3c,Games,309,2022-09-16
339,9,cd7577cf48cb047e9781c6af582d2ec9,Games,286,2022-12-09
340,2,e6e857497e87edc3cbdcff2273566d70,Movies,213,2022-03-18
341,3,903748b353271b093272e792e06752ac,Health,295,2023-01-26
342,7,1e8a021613bb1469ce03e3d4ed2e1822,Games,370,2022-03-18
343,4,81d299bbd857aa179c58ffc0898590e3,Automotive,215,2022-12-31
344,9,27deca126607df331746e074cdd44157,Music,212,2022-10-31
345,8,d250b24945391aa63c35092a2db5a1a9,Movies,380,2022-12-28
346,7,6e76dd9250504367bb338f73b6f0c60e,Tools,130,2022-09-11
347,1,0ca9691557be945db409a2eaee4a25e7,Sports,248,2022-12-31
348,6,6ca1759886e68729531e1c1bdd393680,Toys,104,2022-03-21
349,4,b1c21405a82414bec534872c920699eb,Computers,241,2022-04-13
350,10,5296ab5ffbdc10359237462ed17aa334,Industrial,114,2022-09-02
351,2,eb82ae15f467abeed7146208143cd5f0,Home,475,2022-07-08
352,8,00facf260e2d507ced3af4d1eb1933f7,Automotive,495,2022-08-17
353,6,4ab7a26414a5ccbcf6ad48ccad8d573c,Tools,337,2022-10-23
354,8,1fba3fec2fe26e458212f95fe1fde747,Outdoors,232,2023-01-12
355,8,876f842479056f2d721131f3343760af,Industrial,217,2022-03-17
356,10,71a24510e95bff1eb361c95015bae132,Electronics,446,2022-08-13
357,4,c0272e05969706eeebbea829f0e5711b,Baby,140,2022-11-21
358,9,7aed4e7abea8110dc9578dac83a0ff33,Computers,368,2022-12-25
359,3,3bbc14dcff9be30e951e76852c87f43d,Sports,493,2022-11-19
360,8,88c9df5556f5b9ec57d65c05f664e117,Tools,198,2022-11-05
361,2,cea65568616aa521ce36a11cdce0343c,Music,241,2022-12-02
362,4,a69ca0044889237795009dcafcd44361,Music,209,2023-01-04
363,4,a9665ff31f3f9b3d405df9af49fe3b0b,Jewelry,384,2022-03-27
364,5,ed8a15bc3f4c1c6a9a6688f807053c51,Electronics,127,2023-03-04
365,5,28ad346e38a9037bebd2fd746e9f0b82,Books,368,2022-10-13
366,8,b8cba3ecfcefe08c6521d0e428c84c12,Shoes,166,2022-06-10
367,5,e169ed3c355709bbbefede041d603269,Grocery,285,2023-03-15
368,3,c598d547219ab957a9af446e21071b2e,Clothing,370,2022-11-28
369,4,a3420638f8e82304d8d2c0cc28d7e2da,Industrial,411,2022-06-19
370,7,043aeb51047e97d52575c3fa86325dd5,Automotive,469,2022-12-01
371,7,4a4473f3040db22aa6d9ba1aa4006bb0,Electronics,291,2022-06-25
372,5,72659ba4edde263390644eba3c105e42,Music,145,2022-11-25
373,1,9dbf6f96f5fe2650fbd7f6ba2100a4e4,Movies,401,2022-07-10
374,1,9353d8b45640ad30bcd5de997edf3904,Baby,370,2022-05-20
375,1,c53aff94c5654ab885f77be458150fe7,Clothing,445,2022-09-07
376,2,a0b4457794d624efca74c2f632334e3c,Home,285,2022-10-07
377,1,e7b18cf95aa0f10f9a42249a8308f577,Home,456,2022-09-05
378,10,986debd2bec8e3657bac49974222c06f,Toys,266,2022-08-04
379,5,86e423bdfbeadfba7f9573d48c01825b,Movies,121,2022-09-02
380,10,387b1cf71eaa722521966f0138b5e944,Movies,399,2023-03-06
381,2,0e542ca98eae5eb3171d8724fbe9f980,Tools,131,2022-08-28
382,2,5c66699adcf73e69f6979b5034ccc725,Sports,260,2023-03-04
383,5,5926acdab7458bd30776d37e59901931,Sports,355,2022-09-13
384,10,cd97007cd9d6cb1e142752750d50a28c,Shoes,220,2023-01-08
385,9,1b29a8574a36390692704a3d9fd720a0,Tools,455,2022-05-11
386,7,7edb3c7aa231581f24e1bb9920aba9d5,Toys,353,2023-03-28
387,9,4dbade6e0e78a89a935b2979c4043fdd,Tools,450,2022-08-24
388,9,edf2258b3bcbf61bda44015d007a0359,Shoes,204,2022-10-15
389,8,7df678d67fe782b36734ed5fa6876e70,Grocery,154,2022-03-28
390,6,0de21a0e0134c435f8682bbc18363c22,Music,236,2022-08-25
391,6,7f3ecfa42266b047116a78c4d85347af,Clothing,471,2022-10-11
392,3,6cde876d6a062a5140154e19943277d2,Grocery,186,2022-03-13
393,7,f26ca53ad889daef80cd5e32a5b27244,Electronics,415,2022-04-23
394,9,1fa54347b51ff84af022a1f3b1940472,Shoes,151,2023-01-17
395,6,5c5e65a3948ed4e32f674c713c148858,Computers,436,2023-03-02
396,6,c8036efe85aba4a47c0646d9217cfb2c,Books,141,2023-03-15
397,5,d611c55a74c7234e5873d1b8743d9409,Tools,365,2022-11-12
398,6,0d07363bfffd9e53dcfb52c0e74e65c3,Garden,446,2022-06-17
399,8,77d2c7bc4cae9024043bab0b19414b59,Movies,469,2022-12-30
400,1,a5f693b458190bee098b23411f010119,Home,106,2022-09-24
401,4,2126eb95ed319bb9d4e6c464d00d9398,Beauty,123,2022-08-13
402,10,73736816118e47fb63707d86bfc8e4be,Baby,393,2022-12-27
403,4,da07bbf85ed9810ff8aa8daff5fa35f0,Tools,286,2022-04-20
404,2,1d6a0891a084b4ba558726858e7de0f5,Industrial,245,2022-07-18
405,6,9bdaa5e8f3981e91d69ccdbc4c09a815,Movies,495,2023-03-09
406,3,03ad314661922feb6556e126da683ffd,Jewelry,458,2022-12-19
407,4,26a3c8bd6c68a6172632d513d0924109,Garden,309,2022-12-21
408,3,39705f68b1acc930409a12c7ad417672,Home,264,2022-11-22
409,8,c750ac06b992d26d2749890ac5b79f1a,Home,149,2022-10-27
410,5,7dabb66056a00dd2e85c53b1a09e0159,Clothing,185,2022-11-09
411,5,fdcf28b9087ae179cb5478c77df8de60,Games,194,2022-03-29
412,6,a9e8801a6d67d0e7eeeaa1d5fd806b32,Home,489,2022-09-21
413,10,64736cd65a951c14ed452d11b0d924d0,Toys,227,2022-08-31
414,6,071d5f151bdd80f8d880b9db4e0dfa8e,Music,385,2022-08-11
415,6,d9495b5d3a131fa36e3103db06e8f409,Toys,260,2022-12-13
416,10,496cef7edad6891faaae9f35d31d82f6,Music,289,2023-03-28
417,10,103504159309b06a8745ab23e7beecfa,Garden,185,2022-08-15
418,9,fc3a230a813e4353cb6c9f7165c9db47,Health,166,2022-04-07
419,10,d0c968947a2e459914e39ec8eca5c723,Grocery,364,2022-07-06
420,2,d43312040b0b8936da93644ab6f005e0,Jewelry,107,2022-09-27
421,5,387103ed83a92dfb65c6ceb95cb5f0ba,Movies,193,2022-03-22
422,7,a9f6f1108849c1c2fad64f9503ea2175,Grocery,253,2022-05-27
423,10,58edd55cc71946cbcd826806c6b2f211,Movies,477,2023-01-22
424,10,5f2b33b0c572cbb68a901072838b8fa1,Shoes,345,2022-08-05
425,8,027830c59700c96bdc4486dda47cca28,Tools,480,2023-03-20
426,4,dc742aab2593fe4b7271b0bf92ff7609,Tools,344,2022-12-23
427,7,6a11bccf37690f4d0d33da76ff91ca8f,Garden,176,2022-08-14
428,4,d3b98d2b624dbf352a8c0c08abcb4791,Garden,252,2022-04-13
429,9,1851f748995feab19785f53764a5bd89,Grocery,109,2023-02-11
430,7,d2a271c9a5388298f73b73755723f55e,Electronics,317,2022-03-13
431,4,227355aa46e2123bf44211c7ac02b81e,Garden,450,2022-12-29
432,7,da47e4bd4a10691b314e01fd98225f86,Games,378,2022-09-19
433,2,4489b7e8916ad5294a1551e6802844c7,Games,405,2022-09-13
434,3,7507d8805bfb878f776a7051a6757345,Computers,381,2022-09-17
435,4,1834ad04054a0b7ec505165c03f83db1,Grocery,484,2022-06-28
436,5,89d7c1274beb9fab4c4e749a4713b448,Industrial,136,2022-07-03
437,4,874be4b34bab4ed0dc6508587f762a06,Baby,320,2022-06-16
438,3,55e60c9168e4502607c58b36e9b2825d,Automotive,372,2023-02-24
439,1,9ef8f6f9bf0bc6e18fca5b4ca08ab007,Home,398,2022-11-23
440,9,75109cd3ee061bdbb1f37d0cc0119457,Industrial,367,2022-12-23
441,5,c8a9d1b696324d17076a6dddb9baec53,Movies,313,2022-06-10
442,4,2ed05670f8ed08e1e01c1621241e30c1,Tools,182,2022-07-11
443,6,8e3e953ee0d18435090695cf8873bbe3,Clothing,425,2022-09-27
444,6,9f458b3ef9017bcbc39019d8815eb226,Clothing,122,2022-07-31
445,6,359f39441a824db432c463e489ec7880,Health,417,2023-01-30
446,8,42daf9dce4d59466a9fff95033e779d5,Tools,358,2022-10-13
447,5,8cb27d2b4e5607682aae11e619974814,Shoes,252,2022-10-04
448,7,c2ef854f6b72c3faae34cfcd9cd94f1d,Industrial,144,2022-09-26
449,10,22b0b1c9809260a6eff51474f94bfb09,Home,288,2022-12-30
450,8,bb7d56b5e531546a09dd1b8008ede53a,Garden,328,2022-11-01
451,6,f396b370dd8a992b5ffffe58144481d6,Toys,126,2022-06-11
452,5,71c5f92e7fd3cba0f1bebb44c279fcc3,Toys,348,2022-09-05
453,9,29b7dbc9f3bd069ba26699295ecdf0df,Tools,197,2023-01-22
454,8,b7d37bf04ce8c0dc6874218def8e4cf6,Toys,131,2022-09-19
455,9,98f66825be302309e6a5c1c5cc4625c2,Automotive,357,2022-05-14
456,4,5c7aa38b5fb635d9bccc7e5780622178,Movies,245,2022-04-07
457,5,893592dbd701e2f0c8a267e8178bbd0f,Grocery,199,2022-04-21
458,10,279f5767bc07a1e6ac94ed582b6d25b3,Jewelry,356,2022-09-15
459,2,b39569131f605e76ec1600901fff5fba,Grocery,231,2022-04-20
460,2,5753b4f0970c949693876732825efb94,Toys,291,2022-03-17
461,3,e2d1cbcff8f3a8cac610b1d22a7655f0,Kids,399,2023-01-28
462,8,877254ae7338ada57ca5bb11f35cb727,Grocery,134,2022-05-12
463,5,cae7bfd96ab0d968bf56f265f1552be6,Baby,341,2022-05-22
464,8,cec60cc15d92c0c080b174a237b14a41,Beauty,372,2023-01-22
465,8,a6b8e45b97db0b399dfba8534d80d99c,Shoes,151,2022-05-18
466,3,78e242ab57f3e3ea264cb3bf4dedce4e,Baby,356,2023-03-05
467,4,e84077dd7a998b92fb234bd99bb992ca,Garden,233,2022-05-17
468,3,39be339fd2ec339494a2d880b7e7bc2a,Industrial,464,2022-12-14
469,4,7a8ae7f7f0d4b70cca29f55963183118,Garden,108,2022-07-21
470,1,61a8d59c49f40c86f99bcc8853e4f5dc,Tools,311,2022-12-04
471,2,1db56396317da4893e22706831daa314,Music,285,2022-09-15
472,10,3589509535ef46cba209510c59f295b2,Health,264,2022-10-29
473,4,b47655507b531ca41b0c78e5c8ab336b,Home,327,2022-09-18
474,2,717a82385f1cac5650ecd59010855925,Shoes,288,2022-07-21
475,7,4bdeac03c8345690323cc58ab9077853,Jewelry,160,2023-03-15
476,4,30a024080f8f1fe8321c8c976478e037,Electronics,334,2023-01-14
477,3,527b67820eed7320f2ce211a27cab1aa,Automotive,307,2022-12-14
478,5,3b972b0f3f261636f5cb93e0721b784c,Baby,410,2022-11-18
479,9,a07cbdd8de54ce82bb92017d73d5b226,Home,445,2022-06-09
480,2,79de556b740cee4779669a58a91a5354,Clothing,335,2022-11-28
481,10,03db01167d5eeb879b6772ac57fc2bd9,Electronics,174,2023-01-19
482,3,0a41cbabb0f6fd2261291c16d14b9806,Jewelry,203,2022-12-03
483,1,345aa388b76698be05bcff3fa801219a,Music,414,2023-01-06
484,7,3ee06097a1c471989df4474f18f2b068,Clothing,306,2022-08-04
485,6,0d7f25dcfbe7b6c4b42af70c4f0e1bd2,Sports,196,2022-05-04
486,8,0ac0321938bb267f33b62617a6285291,Sports,272,2022-05-29
487,9,54ca4e4c5779377741cf5159ac953d6b,Clothing,232,2022-08-23
488,5,118122f5f67bf0e1976dd795b1a1d98c,Sports,210,2022-10-12
489,4,ff7f44bbda123b54a93888541e8e9f07,Grocery,332,2023-01-17
490,2,1282d2a57645fba6fc7ba5cc50e49cb3,Jewelry,313,2022-05-03
491,7,3a8f691160915b7ded21e995127cc3a8,Movies,183,2022-09-03
492,9,fd44e8092bf0c895ef36fcb7937671b9,Clothing,228,2022-09-21
493,8,5123e1aa1299be40d879764ec713e6fd,Sports,152,2022-05-06
494,8,253f97f2de268e3d16addb186c70848f,Clothing,115,2022-08-10
495,5,d700ff5870ccefda9fb088a3218bdfab,Baby,267,2022-10-24
496,2,efd447fc2d72d88e99ad43846bf3e914,Music,372,2023-03-28
497,6,684fd000994a99996f6d413c8d6350c5,Beauty,442,2022-09-27
498,6,446cdcbd6573e0be14fd515253462c30,Baby,415,2022-07-24
499,3,5a5fc491b0acf0c88d6fd3ac4051ed91,Toys,294,2022-03-31
500,9,2ec33018bf77ee444887ef7c8c6461ca,Tools,258,2022-09-23
501,7,a2a5e359a302609b2c1b550b1cc16061,Beauty,377,2022-06-18
502,1,3bdfb3e8fbc78669e30249e73e73f8f9,Baby,320,2022-10-05
503,2,08d40b80b84957ff431e6a4aa8665f4c,Grocery,231,2022-12-14
504,3,0b5cd618344c5c81370f85c393ef62b0,Outdoors,417,2022-04-14
505,10,01b8d3bd89790b8a3b29f6a0be4a5b4e,Kids,124,2022-09-26
506,1,e0be3458d114e3a573d5e147abe26e2d,Clothing,318,2023-02-28
507,3,1ad0093fe6ea069c259af802e3acb695,Home,334,2022-03-18
508,4,d86d93216713d0828b9909049d614fec,Grocery,189,2022-12-24
509,9,e9f656a79b1c910ed0d4474e64a2b6b4,Jewelry,359,2023-03-03
510,5,5fa088f0c13104350ceae445eed66921,Automotive,488,2022-12-08
511,10,a46b273ea0ee75f8da73a6192061f8a0,Games,413,2022-06-28
512,10,e23fd1c8c32ba588f096df5aeb8056a9,Music,330,2022-06-01
513,5,311f76b77ee88828d110dbdd4ff06647,Jewelry,428,2023-02-15
514,3,bd65d172e9a16d8cca382ad31f7f4696,Computers,238,2023-03-10
515,9,fbdd9648d2dfc9aaee2fca73e475db02,Baby,206,2023-01-04
516,5,4306f38ed9d16a1da4499efe04262043,Kids,244,2022-12-07
517,8,7b6d30d7a8849dcd60d407766e02e1df,Books,237,2022-05-28
518,2,da8ff6c9c381a375839df1817c4f17e1,Baby,132,2022-12-29
519,1,fcead9c693ba62b1d1f19e5df896ae49,Electronics,265,2023-02-09
520,8,b753e6bdb8ff994d26842676629bd2f0,Jewelry,301,2023-02-25
521,4,ea13b91eabdbd2ddbb00045caac80f98,Baby,413,2022-08-08
522,8,29c51023835cd8ac456d750c6129cf29,Automotive,239,2023-01-10
523,5,e41d6a0995ab7a5830a03cf8d55cb8a8,Industrial,303,2022-03-14
524,5,7c1692ebe067c59e88a6bc989828b714,Toys,438,2022-06-06
525,5,1798aa166f8efcfe4033c3ad8965aff1,Garden,349,2022-09-19
526,8,5b9756d6f0fb0a9e2884433bcf505fa1,Garden,206,2022-05-26
527,5,a5ed2718e7ea80eda81ef0e224e0cac9,Home,153,2022-08-20
528,7,71f85d816f3c1d1d161a401ed7665793,Music,194,2023-02-17
529,10,c9be77627d08624c47ed9b94a3fa487e,Clothing,483,2022-03-14
530,8,33d733cedf259974332e73755f6e6cde,Shoes,385,2022-12-02
531,2,6f0655e30be2ffd6b21570cc89136efc,Jewelry,323,2022-03-25
532,8,72b1f2d30b0b2bc0b58d7e0a5af785e9,Tools,325,2022-08-02
533,7,ebb8157731dc16638f1fd809f0981aaf,Clothing,376,2022-10-24
534,2,33cb2e8086d978849753aa14ad68181f,Music,253,2022-05-13
535,6,2e2fe3b2738afbbc92f46926a7ecff22,Electronics,482,2022-12-13
536,10,139698b76211cc1a37898b844ff6511f,Jewelry,490,2022-10-07
537,10,f3b43083e4634cff642ba316cce63214,Beauty,285,2022-06-12
538,3,ca8b2e50d7d73c941c4be1d400fb8ba2,Kids,124,2022-10-24
539,8,05b61ee6d140554588fef998154b5c33,Outdoors,181,2023-02-12
540,3,2bd792caba6080bf43068ee8d3c69634,Games,403,2023-02-06
541,4,7af2e6a322c35c7703ab38e9bac56dad,Electronics,449,2022-10-29
542,7,b807b754d66d3e97925a53f07031dc37,Music,241,2022-07-25
543,4,43e04b002133d044806b671906ff6f95,Industrial,226,2022-04-13
544,9,1f2a7cd63ce3bc6076e321d0aedfc22c,Home,373,2022-04-13
545,4,f8bafe76c6f7a4807da13b37e21667e8,Movies,496,2022-08-12
546,2,5109d45e2af2898368ed0d449309622a,Baby,376,2022-09-21
547,1,4986064bfb5e0fca4b2850791f1b48d4,Sports,385,2023-01-24
548,1,2957b1ca553d324a0645d70b67f545fe,Home,142,2022-05-12
549,6,d1034fcd4bb803484453b8889b5eeccd,Computers,138,2022-12-11
550,4,8a201de602b2a30365a1d19e67f20074,Grocery,424,2023-03-30
551,8,ba7c1eeb1a6faf46f103b561e06f2664,Electronics,295,2022-08-08
552,6,ed5a277b4add61634843e1fd62169741,Garden,358,2022-04-29
553,3,ff2c0e8d4faaa548f10177bd2c2b1c23,Electronics,468,2023-02-06
554,2,e00caab964826b83baa5075d1d6cf404,Beauty,313,2022-11-25
555,9,057abc434dce9120540e84ee689b21bf,Computers,261,2022-06-28
556,6,7c5dffda986f9da84fd3bc0579fc4443,Music,378,2022-10-23
557,1,314cbd18e49988f2fb7fd701a137228f,Shoes,357,2022-10-21
558,3,86295b0293a8d147406c6530d73f9166,Sports,268,2022-06-09
559,2,a0eed47f1aa515a7e648af1ef578cea0,Automotive,165,2022-03-16
560,5,915585eb4272950163fea60cdf45ca11,Books,428,2023-02-25
561,8,745beed0a5c1e158ba259873813dafd7,Toys,222,2023-01-14
562,4,5cb0bdea6357d7dc3d4c06f278a76733,Clothing,421,2022-11-14
563,1,043b565b14128f1f84059be762e1078b,Beauty,372,2023-01-18
564,8,4b0e4c551fd00dcd256e6d0d1289de40,Music,195,2022-09-04
565,3,bb41af2f2b1e196184579a07cc1fb83e,Baby,253,2022-10-05
566,5,fc98b82f4ba5c242c62e58a7f4ad13e0,Home,297,2022-04-26
567,1,f72fa9ea605fa0a8cc1d02de84202f5a,Baby,285,2023-01-02
568,7,d6c59b384a838a9be097920444c3bfc0,Automotive,359,2023-02-19
569,1,782b385a7e4a63afdcce8de6a562708d,Tools,362,2022-11-04
570,2,54dd198c9880857e1c10f11f26ec0113,Music,416,2022-04-12
571,8,68973096b9bca7c09ef3848ec180b291,Health,307,2023-02-14
572,9,cafd9b017879c3381327040424e34507,Movies,232,2023-03-17
573,9,2c22584510185fc47fd20c0decd9d1db,Garden,326,2022-09-08
574,6,bc5ae84f60986ff2c84c82498b47a2fd,Outdoors,192,2022-06-19
575,5,a34ff85fa82acb5afd1d0467147a3d40,Home,443,2022-12-31
576,4,3fa8cc316d7dccc96ddec7f7e3b1664a,Games,237,2022-07-04
577,3,52d0b4d02cdcd62d305294aa4067606f,Automotive,482,2022-06-28
578,3,c8b75476d1db1bc0dda890da71fc12e3,Industrial,348,2023-03-21
579,9,54d67a665ceb01065da89bfade6e2003,Toys,114,2023-03-17
580,2,38c85045e18f4fde40577da29d46c7f0,Music,280,2022-03-29
581,4,2762f409ece15871594f779aabe152a7,Garden,249,2022-03-20
582,6,70a4ce3d2fce4d30eac340a95de6b997,Movies,166,2022-12-14
583,5,ea1dbf972cef586faa445e44e433b864,Beauty,119,2022-10-06
584,4,2ebc84b4f7c7546b08183c4eaf6bae21,Movies,170,2023-03-28
585,7,a6543788604c7889c051cf4b5ed58e6e,Games,328,2022-07-14
586,8,4c14cd1acb1c929e2bf1d874867f9be3,Books,243,2022-09-11
587,4,dcbe8cc64908ba92d02725ad1b55cc31,Sports,237,2022-08-22
588,1,d1508da63201e7cabef1c09c57599497,Music,181,2023-03-14
589,10,07bdaca2e2e8e80d3ef65a48176527ee,Outdoors,184,2022-05-30
590,10,493129654523fd242b1e7ed7661b209e,Shoes,297,2022-05-22
591,4,963fe0bfa6dbcbfc8f736546fed74a75,Automotive,452,2022-10-04
592,5,2959c832306d05b248548cefed0a401d,Sports,335,2022-12-26
593,5,57912b765930c9a3b3e6c34bc17cc731,Home,479,2023-02-06
594,4,f551c88ed4b2433857f177551ef4af8e,Movies,226,2022-10-17
595,5,71b6c24a78bbfbca2dbc5357ea100db0,Tools,241,2022-07-17
596,3,e61f55e783e9afd6595b1110601653f9,Games,477,2023-02-10
597,1,e5c177dfd764d229e698f782e4d7ebec,Health,397,2022-11-23
598,5,5cdb275a9fd8a1d5048684a8235c529b,Health,472,2022-09-16
599,6,03458700e91954502fc1597a0d430992,Baby,257,2022-06-03
600,4,c066474952d02ebbed8ad4019feb322a,Industrial,250,2023-01-11
601,9,264c8c76ec98f33a4ee68a5054c69086,Automotive,229,2023-01-22
602,2,279c37772e6287ef6ae6eb2e40523dc7,Shoes,405,2022-04-08
603,6,9cbb2c1b695ede5d3b3af2dd337746dc,Health,245,2022-05-24
604,7,72eab24c499060d7720b4cd845558f0d,Baby,260,2023-03-18
605,10,1a18dfedad44745d05b506f27cbe07ae,Books,300,2023-01-15
606,4,7d2316f1f4624dcf7074a732ad2f440d,Electronics,433,2023-02-03
607,6,1b0b30d8cd41088ed55365c15699eaef,Books,433,2023-01-27
608,7,9411d682bcfab8b803ca3786dc93d606,Movies,498,2022-04-29
609,10,8a05dd88800b4fc421db07c44103de34,Beauty,270,2023-03-01
610,6,80c7021c822b8916b72a997347bbb4aa,Industrial,186,2022-06-04
611,9,7d64fda8a5ed51ff95ea158b0708519c,Shoes,493,2022-08-31
612,3,42974ee532d49bbc8c0234c45be727cf,Shoes,441,2023-01-25
613,2,01235b2532ae11d1f5eb7fde06e5bb03,Industrial,312,2022-06-19
614,8,d165ce73dddc0db7c91ecb5a6ee1517c,Clothing,242,2022-03-30
615,7,4cc27b40fea8c3a3f0360cd0b265eed1,Clothing,157,2023-02-18
616,10,50a79198dd5a4a6a3c0761ad8190ec2e,Jewelry,171,2022-11-24
617,6,8fe36acd1ebc86f0be4ec6ad46034450,Garden,462,2023-03-16
618,6,7c77f71f86cd5bf64c08dc4e55197fd3,Grocery,286,2022-09-24
619,5,5449604ff5b4fd78aa65410ccd20e49f,Health,360,2022-05-30
620,2,2a021f01db37a345183ed9ec94e50841,Clothing,366,2022-05-04
621,6,26a3f4cf647337ca86b0d0b006b58eea,Grocery,385,2022-12-03
622,3,460afe024ebbf9fa353a6fa9a2d5a182,Outdoors,130,2022-08-11
623,6,e1d07705acb5addd848d2e472a706d03,Industrial,275,2022-10-03
624,3,94a3f260bb577ffad741fafc06e81acc,Beauty,382,2022-06-23
625,4,ef73f9955cecd597147826b0a1507b25,Beauty,303,2022-05-05
626,4,7b0eb6e9c6f5f874534a772420e18b9c,Industrial,351,2023-02-19
627,3,f0fd18d518932ed4e0eb67c8252591b3,Health,325,2022-05-11
628,3,3ee614d2dcc7de6109a1d5c6591aa9ad,Grocery,137,2022-12-17
629,2,92d4b800665b9f6bb1bc22f161270f31,Games,451,2022-08-28
630,10,1d94df493b354a84b6910125d3901b7f,Music,124,2023-03-14
631,1,f69bacce43789974c555757ad3083cbc,Beauty,182,2022-09-20
632,2,f2699cce8b8a2ed59553bcccbc058748,Health,392,2022-03-31
633,1,6e69913818332da7f2a15bc93ec7325f,Clothing,116,2022-06-16
634,8,f46addfb7b3fb7166141edf7dd01e36e,Kids,361,2022-05-04
635,6,fc88624b5112fb9f0392e33d695c4ba2,Books,498,2022-05-27
636,4,fb9985e55ce553317ccd65d3e9bd7323,Electronics,126,2022-04-20
637,10,69794a4be5920022f262b8c4717f4503,Clothing,454,2022-05-07
638,5,2d6fbd7553570f6b494d8ef256feff2b,Industrial,412,2023-01-13
639,7,e03eed6f563a4ffa744aba0f7037ca1e,Kids,348,2022-04-22
640,1,1da2fd50b5e6f0111bc9cfada1aefa02,Health,334,2022-10-23
641,6,e76d0ae44e9c9f509529585bf6aa5ba0,Electronics,436,2022-12-09
642,2,65dd24339f9a666dcb5b0e5997cdd54e,Books,480,2022-06-06
643,8,ccdc5b6bd5786e7d561f17914ae0ff54,Toys,231,2022-11-11
644,6,4f2e8ea473e3a984dc371bd8f60db6e0,Health,226,2022-06-23
645,1,a49db8bb8522d631eda5a857ea938026,Computers,460,2022-12-19
646,5,22e78f72d550c5f4dba8e2424599cc4c,Shoes,187,2022-06-19
647,2,7a4c6f1aff09a4034e1c002511068373,Electronics,434,2022-09-15
648,2,c94af3ad7b703df5b5567f3a6e963871,Baby,289,2023-01-03
649,7,eceb9c2c8f8d65925cc4975591867c93,Industrial,179,2022-09-02
650,2,f2938521c3996ad20c3be879d868c25e,Grocery,245,2023-03-25
651,1,c39985a2e8b5edca86ae0dbb9a41f662,Electronics,454,2022-11-09
652,9,164b03fa0974e0df9a97c17af48cf4da,Grocery,113,2022-05-20
653,9,a8c4d55928ccb2a2202e86dcc4e8be03,Jewelry,382,2022-04-02
654,3,ec763f11f6ed909ff1f44e5f94fb9cbb,Games,144,2022-11-12
655,4,15b3379ee1b03604c58ab5ab9a2d597e,Outdoors,479,2022-10-28
656,9,35d7699d212ae4453ca0743221e0f5b2,Sports,469,2023-01-23
657,7,a4c50fa73623bdcbc1806d353de2758f,Automotive,181,2022-08-23
658,9,56952a0192a544dbae9cb8ef365f4863,Outdoors,462,2022-03-16
659,10,d53b2343e2fda0b87b065edf4f98bf3c,Music,348,2023-02-11
660,6,cbd439acea03ce49ad3d78a533aaa0dd,Health,490,2022-12-18
661,2,e81c0041ae5c243102b45ce7753cf52d,Clothing,438,2023-03-26
662,8,8d3755ad910d4d5a723da77ce00d790c,Garden,402,2022-11-10
663,9,ccac76507c9259963f21d492dbddf027,Electronics,197,2022-05-29
664,10,21dc3cab6bf715178d7380800568a26d,Games,261,2022-05-05
665,4,23177a0f151b210774177dfe65aaf1aa,Kids,114,2022-12-03
666,1,eb768f471b3a1001e352a82978098926,Music,114,2022-11-18
667,9,1bcf0a90d00ac909b0f65915ae086c31,Health,486,2022-09-09
668,10,2aff3df7025c3603e071e915a48c7b03,Industrial,349,2022-06-28
669,2,ba764a9b9f4e780b00c87ca14c60a5ec,Tools,324,2023-01-30
670,10,e5323edb1f5a8e8e368f1c2dd48bcabd,Industrial,203,2022-09-20
671,10,2bf3db97b07fa0ba030f583c994fe19f,Jewelry,174,2022-12-11
672,2,06688bfe4035479f051f73b8b56fd132,Health,230,2022-05-11
673,9,712fefba43266156efe2d11810f2e18b,Music,140,2022-11-12
674,2,0cbed7a974e47591b2a889ad7022ae91,Books,132,2023-02-08
675,3,512551528c24eca232f17d6959f19295,Toys,263,2022-09-15
676,5,993dd89576686596a92c33d435c3bf3e,Shoes,176,2022-05-10
677,2,83018187c1eb596aad5b3c378b9714ae,Outdoors,285,2022-03-18
678,2,e2dc01bac5ed6a17561dcaf26cca691b,Games,476,2023-01-09
679,8,171a0d23a3779139f250cf6d37ab2710,Kids,317,2022-10-04
680,10,292946c2fa8146883b06c91018c9d869,Grocery,425,2022-11-20
681,2,96ca2d6f1a41d9d7855c05c756ad7f11,Kids,269,2022-05-14
682,10,07edb49e8e0a0f6cc7621dcd326d53e4,Shoes,478,2023-03-21
683,1,5af6a4efe0ec99e1a4789b6055ec742a,Computers,464,2022-12-22
684,2,93b8cc226144a42d5ba48baa9d8317bc,Beauty,286,2022-07-02
685,4,adba2c9b01c0a5a6de9ee0a15ef39494,Beauty,196,2022-08-14
686,5,eeab7679039819762cbae2e3796e5a94,Automotive,113,2022-03-25
687,4,e3afa6a4655c3c64df03520ce743df97,Sports,226,2022-07-30
688,9,1f9add32ceff07f217f546cb8e638038,Music,474,2022-08-20
689,6,1741aba0b85ab41437fc94a40ac5191a,Clothing,479,2022-04-11
690,5,a9c23fe6f4d70d3518b5567d2e621bed,Jewelry,450,2022-09-28
691,2,3edd2df47c810996b14e2c26233e1bab,Outdoors,272,2023-02-19
692,6,17d036070fec3f45f7064a5201fdd074,Tools,298,2022-04-21
693,3,781a90a8000d0a8090ddd727497f49d4,Music,381,2022-06-17
694,7,fb483209a42d5d272856a9e0d19bb7d6,Computers,436,2022-04-04
695,7,51071345530ad0b568736339998d593b,Electronics,335,2023-03-23
696,1,c31c7f03de2750e8d45d169dba27d28c,Music,470,2023-02-25
697,7,f7846b7dbc84d75ce574e3d6e633dfd1,Grocery,280,2022-04-15
698,5,24fc8ffd506c5e3bc735cdca7ed071e5,Health,441,2022-12-07
699,8,a5670cecbb25c357d9ee730ce3a270f4,Health,240,2023-03-18
700,6,34cc7bd903325d5433583cd55a035731,Movies,381,2022-05-28
701,6,8268aca11af8e383e312065ff8b16125,Jewelry,496,2022-08-22
702,8,2f422297887efd53a785818e1215ce3b,Games,170,2023-02-14
703,10,8d0de39f1d4c97ffadca592cfdbd2739,Grocery,323,2022-08-14
704,2,a78b2b3571ca723287324ae874dd8a1c,Sports,163,2022-03-27
705,8,c94539c03c0e9b24c2b0d56195f4e48f,Music,423,2022-04-18
706,7,13529958a397d03a92341c124c22b96e,Clothing,349,2022-06-13
707,10,96e458b8a2e612bb0ad16f3c1a3a090f,Electronics,212,2022-10-02
708,8,3c50cd508d4b830af4b48e1b2677d29c,Shoes,468,2023-01-13
709,7,67b9306fab6868f3b24b3f0bc67523d4,Automotive,239,2022-11-02
710,6,d668a90aa53bcc301009ce9475604a99,Sports,500,2022-07-31
711,1,6d4047a478455f0464435f3844a6bf07,Health,380,2022-04-01
712,2,6202c3a39326a87db7e605d271f72bef,Industrial,347,2022-09-25
713,3,e27baaa94e3421384db5092625457fa8,Shoes,199,2022-12-02
714,8,9ef348022f2dc0320600f85ef568e750,Movies,223,2022-03-26
715,4,b3424bf893d3adfd8ec1f76bf21a5766,Baby,312,2022-12-31
716,9,c96b60f9faa75eac2b323114274848ed,Baby,174,2022-10-30
717,10,3e05f14e8f7178480c2f4ff656acae9e,Outdoors,344,2022-05-13
718,9,6941cb80605f7de55ac43049a4cf5770,Books,472,2022-09-14
719,3,52b30adc5a818a72efafe56a922e0023,Clothing,140,2022-07-03
720,7,0b1f14902f398a5b46c050fb01aee383,Movies,176,2022-07-23
721,2,f714a660ea979eb770efae3e69dc08e0,Beauty,390,2022-10-26
722,5,b1bb0cbcc39e271ef4efeee0a1b28a6e,Baby,237,2023-03-06
723,3,fa294cf94702f81c097134aff6e88fee,Computers,255,2023-02-01
724,5,af67070669069c8d5701002d83ffe1ac,Kids,385,2022-08-23
725,4,f628219384dde731b9a8ad4612e1e8c4,Outdoors,116,2022-09-28
726,5,36b7c7996f3ea55273fbc59cb9104888,Industrial,348,2022-08-27
727,3,e213f0bb91ca7ef1e9d8833af466a6b0,Music,144,2023-03-25
728,3,bfc6445b366fe5a0aed3af2131afa2a2,Health,486,2022-07-26
729,8,6fbe4a1eaf386b11d06eb180f6a3a8af,Home,333,2022-11-11
730,3,48a6327cb9d5fb2495e909221b9458c3,Baby,278,2023-02-02
731,2,178acad46d3271d1eaf48c2d6f5dc9ee,Baby,405,2022-11-22
732,7,82ca800d78a0889895c4bfd8db17368b,Toys,440,2022-10-17
733,9,5e1c62064c9a15c8278786581fc78643,Clothing,463,2022-12-13
734,10,20e0f0feae273775f30f17499059fb5f,Grocery,177,2022-09-02
735,6,df1f9ed902996bf32dc318fc9413a3af,Jewelry,369,2022-08-27
736,5,79420d18b6c4114e79bfe8ea8b112dcc,Electronics,500,2022-10-28
737,9,51b0747fab2fd6d9e862804f41868590,Beauty,350,2022-05-05
738,6,a096f2e953ecbb6a22d6433de86e8507,Health,403,2022-04-14
739,5,ec8cb3579f3161e5d56049f844cfee22,Sports,280,2023-01-26
740,3,478f1f9d641745aa8e9b288a1d55ceff,Grocery,311,2022-06-25
741,10,9d400d0c5b032bc11ce5d91c4da04056,Outdoors,291,2022-08-09
742,5,c26f9fc82d96a2d1c194d1910e1261e2,Tools,298,2023-02-10
743,1,f2749fdab074dc0a3d546f0d48b78386,Computers,386,2022-10-16
744,2,958a649c217a2ec6426d19b182268a6c,Kids,188,2023-01-23
745,3,022b473dea2f292b22815bbc8fe54282,Tools,392,2022-11-04
746,8,cd764abb3dd347aa373335f9a1ad9c5d,Home,128,2022-07-31
747,3,4d71c1eb4ba59cf43f5a50f0d240b3e3,Home,363,2022-11-29
748,8,79d994fdf1f1891b35d5d307a1cad50c,Movies,191,2022-11-06
749,4,25fceb9832caf7d4dd64368fcc2e4e3e,Movies,254,2022-04-11
750,2,38fb8b8551dc205395e529005c0c10d8,Garden,138,2022-09-14
751,2,92675759463a02d8c299b63d089bd9bb,Health,233,2022-12-03
752,6,2ae13cf0a3a9e0db3ab5b2961a070de5,Beauty,390,2022-03-31
753,2,ae14325bf17cce8f185df785de110fe9,Computers,315,2023-01-16
754,6,b891091acbddacb96cb33b38a0f16a32,Books,196,2022-03-31
755,6,8a6f6554fde82884d8b39b7450304ad3,Industrial,433,2022-06-21
756,8,e1bd823a8434256b9b9e72accd016222,Jewelry,112,2022-10-01
757,9,d5885b7dfe37c997c3f267ebca8c3a4d,Shoes,222,2022-07-23
758,7,9dd0b0345ce21ee20fb0733468e1000f,Industrial,202,2022-06-16
759,1,5d12657398600348322184a4b1bfb000,Electronics,196,2022-05-03
760,7,b09f53e9620d00dc985c79860836f3e3,Games,408,2023-03-29
761,6,63ba354ebce873f5d31d0772c3eec45f,Automotive,425,2022-07-24
762,6,8014397167dcb972c4e69730411dc204,Games,385,2023-03-17
763,7,eedfcaccbabb85b2536751e143be5eb2,Games,106,2022-06-22
764,7,e83306c1e31a38145ee3985d3dacdc1e,Jewelry,341,2022-07-11
765,6,0cde6f19e06a095c39ec9db97bc7163b,Movies,383,2022-08-12
766,7,0eb8aaac6e319fd75a5ef3f378254deb,Clothing,194,2022-05-17
767,3,3758d5ccf106246ad2d19b2f985764cf,Jewelry,192,2022-09-28
768,9,67865ba012e1591f044e473f7ab0cc01,Clothing,217,2023-01-05
769,3,c281c2dab88f8a809361d2024a048e00,Baby,124,2023-01-17
770,2,f4d43f1c90725e714428a73a68baa8cd,Beauty,459,2023-02-28
771,7,dbd7f2cea8ead9bca80bbec9d49b900a,Beauty,453,2023-03-09
772,7,1b4e22d5e92c90d70a2ad7c69c4bc08f,Industrial,243,2022-04-21
773,10,25f5b647c430e9bce4f9211c4c7a43a4,Baby,135,2022-11-10
774,4,a4d080463be253c36b2911eb6e3cded8,Industrial,126,2022-08-06
775,1,b1c314b877afdfd3b7875215054d8d18,Computers,252,2022-06-16
776,3,2c0da35d0b3bfd5e7d4372d50d19ca30,Grocery,190,2022-10-20
777,3,970e27cfa774f47a339acdc00a06a90b,Movies,478,2023-03-29
778,6,26f8791ec3c9a0fcb10b05e34c0a35e1,Electronics,207,2022-08-30
779,8,b15759fbb7cb9780b535e75c5f0d3631,Movies,108,2022-08-04
780,6,6b149c4d8590434f647135a8d9162ba2,Movies,323,2023-03-01
781,9,708469f54f8e2198e1a8025bbadf3e12,Movies,135,2022-08-17
782,8,1150965264326b4599c575c713619382,Clothing,164,2022-04-14
783,1,68f92d5e4d0305e38b24a68a4f85f75e,Electronics,397,2022-08-24
784,3,19df80753c4bd6d36c3a83de5af8cb87,Clothing,203,2022-12-28
785,8,c7ce51091ef1b0212b16bd1b6cdd74b3,Movies,447,2022-12-28
786,3,6f56a36254a47ad4f70b0bac4ee00b09,Toys,213,2022-06-25
787,5,c20dcd1787d481f3510f098b29b1756c,Health,381,2023-02-16
788,6,bd79ec0a14deb3b619987b1f1d245d95,Automotive,117,2022-06-14
789,4,0ce069dc681eab94e33e2fe6ffe680b1,Baby,225,2022-11-17
790,8,ae74b346d1ecf21490bf6d3ab387d007,Toys,172,2023-03-22
791,10,d56799b7676077fd1dd8242fa4931c07,Games,414,2022-03-29
792,2,68454001af7fca95af723380c16bb51d,Electronics,494,2022-05-09
793,2,fb237e18bf253e12b9e1ec37249c49d0,Games,338,2022-03-22
794,3,e93899841ed9c1c1057934569d0cf13c,Clothing,159,2022-05-25
795,2,445a2c9d98462bc376cb35cfef95db31,Music,392,2023-02-18
796,1,9c585a1ba1ab4a0a249f99726bf8fee7,Electronics,448,2023-01-31
797,1,c0c7112b91131916b1aca5a866ad4e91,Shoes,153,2022-08-05
798,5,cb66006700ae043c8be7e9d7ce07912c,Kids,294,2022-05-23
799,1,a545c08f087ffc9cdbf49db2e62620ec,Toys,368,2022-08-14
800,2,5b1967408ecc807c99c2f430545137d9,Kids,463,2023-02-08
801,1,aefcdebafb1ac4c3a963e86d58f8eee1,Electronics,370,2023-03-27
802,6,cabeb28ee53247a145c8e7bb06f8a8cf,Industrial,435,2022-07-24
803,6,e01ffd798414a6c9ac2b994ffdacb2ff,Movies,155,2022-11-15
804,3,151d8e2152e9d5feea60967bd1c4f738,Tools,282,2022-08-08
805,5,be43626b2c5df5afbc74fefa9179fcfb,Beauty,311,2023-02-24
806,7,f7d772dda7fc0651366caa2e23cc405c,Movies,452,2023-03-29
807,10,258df2dd7f064133b844add016c8faa3,Toys,212,2022-03-28
808,7,95583625e98ec90be3e02814d7e416e6,Movies,191,2022-10-16
809,1,c160051590e9ae64c0a4408a679b9c93,Beauty,463,2022-10-22
810,10,2890553e4b9270c8193f08495d61ee1a,Home,143,2023-03-01
811,8,4a7feeaafd0ba2bf3ec6e0f81cee8b73,Home,236,2022-07-13
812,4,a55f757d5763cd428bce5f4c94829ff9,Clothing,488,2022-09-10
813,10,c97e09bb83a4e39d9cb6bda784a01b6a,Toys,403,2022-08-21
814,7,2f4b7d52cd5d7892904b86f6c82d5f5b,Shoes,358,2023-01-01
815,3,20448f340d41475bd1823f666a3a79de,Movies,412,2022-03-27
816,10,e5c784a6cdd3285fb894ba6f9a5566e7,Jewelry,458,2022-10-10
817,8,40c3372fe9d86ae4b6fb5185ca8084a4,Garden,419,2022-12-15
818,3,96a43642be3389b6db97875aba10459f,Baby,165,2023-02-13
819,5,48c52b4957723b2b60e5a1abb8177c9a,Garden,236,2022-08-02
820,7,d7afd0c9865a98f4e7207c2d5d71ac79,Outdoors,253,2022-03-30
821,9,fc4dc5f03040cc5bc8a8f127a2b70232,Automotive,384,2022-05-11
822,3,741eb45fb2be475cf7941284239bb88c,Music,459,2022-10-05
823,5,21185d44e43c5f13a11e39047f86167b,Toys,402,2022-07-22
824,3,f397e70a9ef17bc79b334b196d56dc18,Health,449,2022-07-17
825,10,3a1410c3784109be2e3dc15232b1e2ea,Computers,221,2022-11-09
826,9,82c5bb61fb990948aee109fd628ef7df,Jewelry,111,2022-05-23
827,6,a11d0273649ce5e07fcaedac28dc77ef,Sports,362,2023-03-24
828,6,09bbc4b6b4ca44479e436773ea460786,Movies,158,2023-01-08
829,4,01c73cfde3fcb979b4068ca72e89f9a8,Jewelry,228,2022-10-18
830,3,b81a2316405ce44a2ebd4e170e2fcfda,Clothing,409,2023-01-27
831,6,ace8d9b0d9ea568c80233645f829cdd7,Automotive,144,2022-03-19
832,9,20df8418cc6910dbf8f75e9e77a4e731,Baby,213,2022-10-22
833,9,b23c5773b851cf32a25a5a16c6437bd1,Kids,356,2022-08-07
834,8,8e18eec59d8554d6224cd571900003f7,Electronics,137,2023-03-16
835,6,ab33cea866d75f3b5624ed663b3b8ca5,Garden,262,2022-04-17
836,3,01c1b3030166c122ec7601a5f9d2dd3b,Kids,462,2022-05-28
837,9,4d201df6214901e3ce1cccfc584fb89f,Games,263,2022-05-27
838,7,2421a01dc4034f50e6ab05ed691d63e0,Health,360,2022-06-01
839,9,acabe1a87071951204f3d30a686340fc,Home,264,2022-04-28
840,7,ff02c962cede3bcb13a947c1b9a5dea2,Health,189,2023-03-19
841,6,0f06f0141261b547daa211ce03bbb1af,Industrial,349,2022-06-27
842,3,73ded8a186e4fb1a9906c4df184fac96,Electronics,228,2022-09-08
843,10,819b5e7d72f7b706b3be8e9038f0dfd2,Sports,131,2022-06-24
844,7,30588525a101b172f15072841fa8dba9,Shoes,395,2022-04-05
845,1,2fcaa1a2ffe3209b47c6dbfc826fea76,Outdoors,363,2022-11-05
846,1,def61821d1c82178bf308acd7a0d44a3,Movies,130,2022-04-16
847,4,5148f2da3a9568fd3dd59e366e3420d8,Movies,378,2022-04-27
848,4,85e2dbb7d95f54311778136c9860346a,Health,414,2022-09-16
849,1,11086ff601c1f6248da16837bd3c43cc,Movies,405,2022-10-15
850,7,f8bc1273ec879d7033b0e762c7315911,Shoes,346,2023-02-21
851,3,42cb31b21dee0b504483561992d42a55,Games,313,2022-10-14
852,5,b4b4076dac7772da09d1ca801d6cd90c,Outdoors,226,2022-10-16
853,4,e2708f2346c8a9479dfd57f383e169b6,Movies,400,2022-12-10
854,5,8977f0bf48bf9c245b166d15c69e79ab,Automotive,432,2022-12-16
855,6,9b1a78d2257df7da35c6100b6b98333f,Books,228,2022-11-06
856,4,0585181e67dfa54d0f53cb7a8f92cad5,Outdoors,165,2023-01-09
857,3,46bc314e58a5886cdeaa9abef4b0a4a0,Clothing,486,2022-05-15
858,10,3d05f826b1f1bf71477bf91c1e91a2b8,Computers,374,2022-04-17
859,8,d05a2fd89e99198fb4d663487433ed5b,Kids,456,2023-02-10
860,7,37b352dbfbfb804f588afe29f613eb24,Books,444,2023-02-12
861,4,a349a2f208bcb19ab31482151b88042a,Jewelry,220,2022-08-24
862,6,13fe4eef907b372309017ab929739890,Beauty,372,2022-10-03
863,5,eef664079b81620dae2b26c1c9bc909f,Jewelry,415,2023-01-06
864,8,334266414362f03fbe67653ad1f31fda,Electronics,249,2022-07-11
865,5,415ffaa280630ba796c55e5e8ef422df,Industrial,105,2023-01-05
866,4,aa2a321c6b3ef9cd3d71ad9794d4b36f,Tools,444,2022-07-13
867,5,490fcf8b4ff2d9ca0c5b0d4d6f685968,Grocery,115,2022-10-14
868,10,4e272166a41c678cca106a5e4560cf4d,Industrial,100,2023-03-26
869,6,324645a3f169195768024eea9fbee916,Clothing,124,2022-09-20
870,10,01b497e1f1253288b112dec8a6da0bdd,Electronics,425,2023-03-30
871,2,bfa3351862da8f7b414ee4556724f460,Games,187,2022-10-06
872,6,5cce004bd027d3b6aec18d87f3253024,Computers,474,2022-12-19
873,8,329ecf202d7968ae62c55cd2f21f89b1,Music,102,2022-12-03
874,4,34d4d8a6fd2a8c385ea9f30f906499b7,Movies,454,2022-08-05
875,7,a50ec866a572dda467c9ece1c960d89e,Electronics,468,2022-07-05
876,8,da095ba330607d60de06bd644d7340fd,Garden,362,2022-12-31
877,8,415a1b42b46fd8e32b6a359eaddce147,Automotive,378,2022-07-12
878,2,bcbcb283beba308208fb5032e6213bcf,Shoes,182,2022-10-28
879,5,71af4ffe95bdb5723916d384e72eb91c,Music,139,2022-08-29
880,2,04cddba29e50ba403ff58f864724359f,Kids,108,2022-10-08
881,9,cc58f621df40dc2187d1d6c3f634cd50,Garden,110,2023-03-19
882,4,23615063bd5e476d2b6571516756b2fc,Baby,300,2022-10-12
883,10,d3bf17512d6504024bb7ce079793adea,Computers,468,2022-04-28
884,10,70111ad58043fae2a3ab421367eda724,Computers,241,2022-05-22
885,8,181b32fbd72f1db0bc8e133924f65850,Industrial,249,2022-10-02
886,5,55426da4889b23353d03a5cdd56072f7,Baby,449,2022-07-05
887,9,c837371ea989721f942a090ce3bb8d33,Outdoors,195,2022-07-23
888,2,66008ffb8cb54fc6bc53ebc758fc2eb2,Electronics,196,2022-08-23
889,2,dc5a0e44ff19f04ec752d6b7e851305a,Electronics,305,2022-07-05
890,5,338b88084b4100c76e2c1c7f1a8dfdde,Clothing,126,2022-10-15
891,10,2c7fe514f574206c4a4214129a78849a,Jewelry,256,2023-02-02
892,10,ba9457d0da176aa14ce9e25dec7875aa,Industrial,151,2022-10-06
893,5,2ab5e1227ed8d65d1950b8ec6e26fb67,Beauty,209,2022-10-04
894,6,f182de1e24135d349ca5f8b6ab457e00,Industrial,132,2022-09-30
895,1,99f6b69917241dfd3a68726309ad0b0b,Automotive,333,2022-12-08
896,4,f7ee219f85e92e88796aa22a108f2541,Automotive,308,2022-08-12
897,7,9a2cba4703ca51e87c20a74cfa77987f,Toys,441,2022-07-17
898,3,52db94c5acfc08875c7f4e6c85b342e3,Computers,429,2022-04-04
899,5,d75c603e31deb75e18878a633bba6c54,Outdoors,452,2023-01-22
900,1,e1dbf4f30de9218d208b5d758e5d9fad,Sports,203,2022-04-27
901,4,62e85312702f16428d30317e8b9cd910,Electronics,414,2023-02-03
902,6,8f8d6793fa716e5ddbbe0e0cd4d57ce0,Health,437,2022-07-31
903,10,0da3fe7e9831759a1a39d61d6587ef27,Automotive,327,2022-04-04
904,3,9245db20f4724d25a0693b366be712f2,Health,328,2022-07-06
905,8,4961a6c98e9b0c92eddb928e495a8746,Home,272,2022-05-16
906,3,d7699f7c96e69e11bb5e158094bbc955,Baby,480,2022-08-20
907,9,ba1b1194f441b0df6282d14f78747fd3,Games,316,2022-10-18
908,10,d9af925d4bce7a542a54d0de0d478976,Games,120,2022-06-22
909,10,2d0d405babdb5f0f37fad8380f729f35,Computers,353,2022-04-08
910,7,269462cf93949808a70e56d114fc134c,Jewelry,134,2022-10-10
911,8,802f9d90317310164f0f767e374d9597,Books,185,2022-05-12
912,7,3a931a3e7e0014377d50a2cf30b436b2,Outdoors,112,2023-03-18
913,9,cee62bf2d6dabe4943cb45a5850c8fe3,Tools,481,2022-11-24
914,8,a4baec3df0ea859370211ee3c854b9a7,Computers,497,2022-11-07
915,9,d9c8fe521a8620d8625c34865144839c,Music,230,2022-05-03
916,9,abd81a71c186ba9aee7a72a030da624f,Home,112,2022-03-12
917,8,cfdc945352aae08f8f64c5a3c7a4417a,Electronics,383,2022-06-16
918,9,da58dd0bca7bca3a86fba83222b3f229,Shoes,101,2023-03-23
919,10,864053695e7e51bb886424b392c2eacb,Home,492,2023-01-21
920,4,30badfd7b0a55b6b2c9ba90852d51c1e,Automotive,242,2022-07-25
921,2,4385652ac361ad5f1710a1bd3c0c6181,Music,192,2023-02-25
922,7,a6cd2b0911bbbcd216970509e59bc052,Shoes,255,2023-03-03
923,8,a03d8e067c1682e7ea795b7465ef4665,Games,132,2023-01-13
924,4,f2d59521fe3264c22ad75cebd05f15a7,Kids,170,2022-07-12
925,4,b116a97a156696032534050c9c8397de,Books,424,2022-06-13
926,5,97e5b703b1d381f43001afa3b2416388,Computers,264,2022-07-19
927,6,b83a3e2f21508a4a52e36cf51501f40f,Books,243,2023-01-17
928,5,6058088253c60ad62f8a7326d87750e9,Home,126,2022-12-19
929,2,6ed50c4bf1109a0dc54ca89f71f5053e,Computers,265,2022-07-08
930,5,04576bd0d8e0e6238c8c207dd8ae2ef0,Garden,365,2022-06-18
931,10,6377714425cced660bb9ab790f8b982a,Books,204,2022-06-15
932,7,5c7f490a008364f84968e4902074386a,Outdoors,160,2022-12-01
933,5,a63d0742ef12e9a9111e549245ac6115,Automotive,107,2022-09-01
934,10,4457ab16634f238955530205261d17e3,Garden,322,2022-05-29
935,8,5cd1fe06e516f1d41a55f0ad375fb473,Toys,114,2023-01-21
936,9,8a7ecfd3dca267fde4dc954f3372cf79,Toys,265,2022-08-22
937,6,22f4e074b203998dadce1a6c700b56f8,Kids,125,2023-02-17
938,7,b46df1d833976eacddcf0a0944f1a028,Books,479,2022-09-19
939,6,15f2c2f762620bd69c87eb53f58f17c7,Tools,180,2022-03-15
940,8,226a2a4d5ff13e19afb2d6c4dfa95d2a,Games,399,2022-12-08
941,5,163715f0f5ba4bce6bc9cf69e6e80aff,Sports,498,2022-06-01
942,10,c89ddce8bf8fe2eb232c617b90b79ba6,Toys,370,2022-10-03
943,5,48db909323062c139d610b6e2dfb8494,Baby,117,2023-01-15
944,5,3c2a05f7676a70b708135186e8fa5d90,Electronics,336,2022-08-06
945,4,0fa38738bb8e9d55998c54278df8b589,Industrial,165,2022-05-02
946,2,eaabb85a6b5c1e389bfc8ed3fc2bd656,Automotive,258,2022-12-02
947,2,01e8d8f1ce6940697673de4ff784d963,Outdoors,444,2022-12-21
948,9,d77b877553f6889fab01546dc4909d02,Sports,439,2022-05-25
949,4,76385e08a665fd0322f21c61ee52b250,Sports,319,2022-04-09
950,6,91eeb1d977ca73e984e1b9d573a57f5b,Outdoors,435,2022-10-19
951,9,70be550127f45b546771e3dcf5d313ae,Beauty,289,2022-08-16
952,4,7990cf2ea02fc4ce57b213153cce9224,Toys,319,2022-04-06
953,4,e6d8053d54248f8b2149a8b65db24c46,Clothing,305,2023-03-24
954,4,7b09446c2ce80c7dd79acfa1d89140b9,Books,126,2022-11-24
955,5,04107c1d97de9d388b1ae28856fd9989,Industrial,226,2022-07-18
956,9,dc7ae5791efb9e3f3f18970e0f3fc1d9,Outdoors,387,2023-02-02
957,4,7d8f5baf719c226e8a35d64492abfed4,Computers,411,2022-11-18
958,3,00c5d8e5a692c66879c6161d870319a3,Electronics,400,2022-11-05
959,10,f8139a1e567aeb8e3123a5f153682e62,Baby,364,2022-06-08
960,8,cded4169bfb808e4ebe3bc5589e4aa52,Industrial,333,2022-08-11
961,3,d55662af8596e3789d0453206060c36d,Tools,242,2022-06-21
962,9,374e19287480dddba9a7065d55363688,Automotive,144,2022-08-08
963,5,64433eddb5f6467875d8666920710e12,Music,245,2022-08-22
964,4,b23d1cc5d022c552949333c4b9d4b629,Computers,282,2022-10-20
965,4,9a63c31bf78c7aceee6219f86c9d7ec0,Books,308,2022-04-30
966,4,7f7c950d9388f03d8457f4147fe64977,Garden,422,2022-07-21
967,6,b912f3e5beb58e52c602db67b7ee3a9f,Toys,317,2022-09-06
968,2,2082adf9aaf62382141131303a18949a,Computers,167,2023-03-09
969,4,a3367bd6c6b37fd023aa74c605833fa6,Movies,299,2022-09-28
970,1,de513f8bad3e702231c16e12e7f15fc0,Baby,191,2022-09-29
971,4,b46b263f310f25031973781f0684673f,Outdoors,148,2022-11-26
972,4,25dd1937a57c03dc126cfa77dc008a8f,Sports,219,2023-03-13
973,3,cfb724ff153a46118a7b18aeeb162bea,Automotive,374,2022-07-23
974,4,803143b4900651d9b5ac5971c9cffea3,Movies,271,2022-07-10
975,3,716ccd1ff01fbae357ee31fb01c6269c,Clothing,262,2022-11-27
976,2,9b7ee1c4aa4b1357cf527a3abe999437,Baby,394,2022-04-14
977,10,3198b36dced15321441b3f58eadaae56,Outdoors,402,2022-12-05
978,8,4b829e8674e7e0dc46376b74a4f2eb14,Books,100,2022-10-23
979,3,2efe268dfae5169f4b15b6fa59525a34,Garden,114,2022-10-19
980,4,f0b512b5ac8fd7c034bb048c0b5c292b,Automotive,312,2022-06-07
981,2,19b5d2ba981c59a47565cd049077549a,Health,104,2022-04-30
982,10,712645a0fd2273efe5f56cd176d8f71c,Movies,180,2022-11-02
983,1,3e49ccad0b5ac23b5b549a70c8d958d3,Music,130,2023-01-22
984,4,6d550c89a98adb2d022b75b78db26579,Games,447,2022-06-07
985,3,c26b27d3421086da84364f22f3abe7c6,Computers,167,2022-04-10
986,10,98135d7b37504470df96d522decc85dc,Computers,125,2022-05-04
987,9,a6aed9de1dff3b443a06714c9246cc73,Grocery,399,2023-02-18
988,3,a99b027187200d114616e46e1eb4ca08,Electronics,298,2022-05-04
989,6,09ec8dd689202f1ca60ff5ec7aa37ce4,Movies,223,2022-10-31
990,9,fd02ee39e0fe51ae8324bcb83371672c,Clothing,458,2022-11-11
991,10,15559d14a4ac1bae67138cf67c0c86cc,Computers,334,2022-11-10
992,6,e91fc33e10bf4f93a92cb84066e08573,Baby,294,2023-03-05
993,7,e3a3fb8a7413a445f145484efa19f5aa,Computers,292,2022-09-04
994,10,73d3286c86d8ada598c2a10ba3e8e146,Health,425,2022-09-08
995,5,4b31942064b890ad470e0f38258b7b76,Jewelry,485,2022-04-12
996,5,6397d1a4afc7b0d4e3003d0cb3132559,Toys,382,2023-03-29
997,5,78848c62c52068794cbc4140a79e56bd,Garden,393,2022-04-07
998,7,eee547bd7bbb75325ba46e9fbbcec39d,Sports,175,2022-10-25
999,2,3ae07cb2ea3d387a39db0a8a3b2f9dc1,Automotive,222,2022-12-26
1000,8,a12a7c19fe4204c27749540f63c276dd,Kids,442,2022-03-23
